x,z,cp,tangential_velocity
9.998705623397365905e-01,1.156746102687957259e-02,7.027749653640107397e-01,-5.451834871270306859e-01
9.993529394380267217e-01,1.167432473929258356e-02,5.617570297522473943e-01,-6.619992222410481242e-01
9.983182044659175691e-01,1.188794670253626867e-02,4.352970022334033962e-01,-7.514672300018122586e-01
9.967652907595906386e-01,1.215813667216376556e-02,3.873858908361421660e-01,-7.826966904004755143e-01
9.946808352389481245e-01,1.242803401417706677e-02,3.941184202315367591e-01,-7.783839539510454264e-01
9.920652245425076732e-01,1.272373967163861405e-02,3.681839341010427757e-01,-7.948685840432726524e-01
9.889291593585347595e-01,1.304839920048592172e-02,3.336187607113302311e-01,-8.163217743565767126e-01
9.852744458236689651e-01,1.338907549421316026e-02,3.200656192901117914e-01,-8.245813366247675136e-01
9.811071404492068826e-01,1.376941452731337244e-02,3.091429459825546511e-01,-8.311781120899691677e-01
9.764320764613667603e-01,1.419609535750000068e-02,2.992040363844947759e-01,-8.371355706308896139e-01
9.712558317359818449e-01,1.468465156009502587e-02,2.852613297859122321e-01,-8.454221846001486185e-01
9.655809478745478458e-01,1.521195464554718664e-02,2.729339371251399138e-01,-8.526816890697607176e-01
9.594107424695363928e-01,1.575783516601041157e-02,2.659692137529363620e-01,-8.567559665663634361e-01
9.527521967764274180e-01,1.632489360628232994e-02,2.625083332875630671e-01,-8.587733500245783302e-01
9.456120189506145302e-01,1.691416760666542354e-02,2.632216157969812231e-01,-8.583579580821854016e-01
9.379987484990275348e-01,1.754248561840826559e-02,2.629990532248904778e-01,-8.584875926739474750e-01
9.299198988004409028e-01,1.820922756749102436e-02,2.644892932993713197e-01,-8.576192084489646650e-01
9.213848798514285843e-01,1.892537081679358454e-02,2.652264976630837046e-01,-8.571893036762161522e-01
9.123994740852365837e-01,1.966369165361541577e-02,2.686617275902899449e-01,-8.551831806167086159e-01
9.029710550741055775e-01,2.041111805910351962e-02,2.784119949191616872e-01,-8.494633630009232883e-01
8.931115113381675741e-01,2.119272135076936264e-02,2.914044873519132661e-01,-8.417811548425675472e-01
8.828346242069886607e-01,2.205027716494763548e-02,3.046357303761869639e-01,-8.338850458089610562e-01
8.721497763858959695e-01,2.297540911593388621e-02,3.216694024045165801e-01,-8.236082792174223011e-01
8.610696659437051537e-01,2.397145035657025081e-02,3.508539098244247700e-01,-8.056960283975435066e-01
8.496231319985335650e-01,2.522166599614818205e-02,3.780211803825619388e-01,-7.886563380950146751e-01
8.378501252418431022e-01,2.692153243574171156e-02,3.913963788735929095e-01,-7.801305154436705136e-01
8.257956807899127227e-01,2.916878038735262399e-02,3.908931859459211511e-01,-7.804529544143444797e-01
8.134990155443935222e-01,3.199782215910338540e-02,3.789391816849541073e-01,-7.880741198104692646e-01
8.010497977344055442e-01,3.555493379522417507e-02,3.440930525255463390e-01,-8.098808230069740599e-01
7.883636665429230028e-01,3.948027001997227170e-02,2.858719537815871403e-01,-8.450609718939887660e-01
7.754077345265095733e-01,4.363032291930161316e-02,2.708519851565280856e-01,-8.539016423707544989e-01
7.624001011756627033e-01,4.850498197568457737e-02,2.097497761977756836e-01,-8.889601924733324667e-01
7.492167796925535139e-01,5.371119819181639082e-02,8.859949301092939766e-02,-9.546729843192749421e-01
7.356003566021396267e-01,5.859827893982122449e-02,2.602331541430935591e-02,-9.869025709692373916e-01
7.216845563427880528e-01,6.345836891851797112e-02,1.481678765467897563e-03,-9.992588859922798550e-01
7.077362187722007203e-01,6.892933268361348120e-02,-1.310209088963723012e-01,-1.063494668015017464e+00
6.933173817276651052e-01,7.361060680608230711e-02,-2.860438485344296566e-01,-1.134038733260213538e+00
6.783562214788978473e-01,7.737227793012502186e-02,-2.114191387861044102e-01,-1.100644874056161848e+00
6.631850736225177734e-01,8.116572383055703499e-02,-2.554086051212747233e-01,-1.120450179669437496e+00
6.477576395227543360e-01,8.472147732329091130e-02,-2.702669127959138606e-01,-1.127061184140379257e+00
6.321056359690586657e-01,8.802530608806666268e-02,-2.996020758587345512e-01,-1.140000910463993655e+00
6.162077557913266945e-01,9.089042098335622932e-02,-2.774441019256901342e-01,-1.130240727423007963e+00
6.001364931602737318e-01,9.359978502848127768e-02,-2.513088804080916283e-01,-1.118619184713051329e+00
5.839492234342791299e-01,9.636276280261982241e-02,-2.478699695504400502e-01,-1.117081004023629420e+00
5.676630762991794477e-01,9.918345162820722816e-02,-2.583421041031859211e-01,-1.121758487421952166e+00
5.512886147648885515e-01,1.020269145299602526e-01,-2.743592499112414984e-01,-1.128875214499477586e+00
5.348377334958694940e-01,1.048650909906634482e-01,-2.937666135451555416e-01,-1.137438619682466845e+00
5.183250952819478119e-01,1.076864324198213152e-01,-3.156624727736256908e-01,-1.147023309603438568e+00
5.017701364561297783e-01,1.105067613756706701e-01,-3.512901085652928579e-01,-1.162450045621442163e+00
4.851526499819548421e-01,1.130809418369662644e-01,-3.662112428669364039e-01,-1.168850393706113433e+00
4.685080806488758909e-01,1.155313735261666863e-01,-3.513687652628776359e-01,-1.162483877420619427e+00
4.519104338844596169e-01,1.182351768384442975e-01,-3.975556808182667545e-01,-1.182182591995951659e+00
4.353256621732798370e-01,1.208615585679833349e-01,-4.554460733214655832e-01,-1.206418697352401592e+00
4.187405483820062502e-01,1.232138364031285516e-01,-4.705944984738630321e-01,-1.212680707554079529e+00
4.022028768854027936e-01,1.254930930989309468e-01,-4.975412100824101458e-01,-1.223740662919398980e+00
3.857284576506632701e-01,1.276818948457331959e-01,-5.343014295284400639e-01,-1.238669217155427660e+00
3.693297355565171025e-01,1.297488704199606657e-01,-5.671738843167579702e-01,-1.251868157721394370e+00
3.530335011804124346e-01,1.317728444410900257e-01,-6.230044641803680339e-01,-1.273971924408213940e+00
3.368423710345096467e-01,1.336250333903200027e-01,-6.886578570231334240e-01,-1.299483688632963707e+00
3.207647621709248109e-01,1.352311892355095024e-01,-7.495733966733355569e-01,-1.322714404802992849e+00
3.048148964992554166e-01,1.365111082360547790e-01,-8.094339632751446079e-01,-1.345152022365927458e+00
2.890109716041552312e-01,1.374238613033544609e-01,-8.511288284903730794e-01,-1.360561953198152985e+00
2.733802472660253891e-01,1.380418407605863429e-01,-9.152120741185227892e-01,-1.383911873682180271e+00
2.579410647654002409e-01,1.381965187662966832e-01,-9.574848900104635518e-01,-1.399101458083173988e+00
2.427214668034019529e-01,1.378906010679902816e-01,-9.787432429337084017e-01,-1.406678087884256634e+00
2.277479778682750533e-01,1.372139088699464438e-01,-1.014552261424820134e+00,-1.419349238709353145e+00
2.130477297137763348e-01,1.361011049870140543e-01,-1.048217861257585426e+00,-1.431159621166550933e+00
1.986619214827428648e-01,1.344605717162571934e-01,-1.054414218430366645e+00,-1.433322789336151759e+00
1.846274135391196558e-01,1.322888883657031278e-01,-1.031457575374735480e+00,-1.425292101772382525e+00
1.709632594238466308e-01,1.296775813984139269e-01,-1.004955457104868888e+00,-1.415964497120202781e+00
1.576931167008315260e-01,1.266579148561805535e-01,-9.765428809072853600e-01,-1.405895757482497510e+00
1.448604371939218871e-01,1.231930913536233851e-01,-9.180202051002002150e-01,-1.384926064849745009e+00
1.324787699941912811e-01,1.193586699250382827e-01,-8.547077759008154807e-01,-1.361876564120557687e+00
1.205483920352760918e-01,1.152530653530080967e-01,-8.017076101263220789e-01,-1.342277024360590820e+00
1.090981882000700287e-01,1.108638918026781384e-01,-7.457198495127992377e-01,-1.321256920327306794e+00
9.815892634583296694e-02,1.061915636754789671e-01,-6.870810722972835460e-01,-1.298876850320030751e+00
8.778172771587491874e-02,1.012127381822979788e-01,-6.074998809157265978e-01,-1.267872186348342645e+00
7.799522883178897081e-02,9.593474259983689190e-02,-5.198299903394585364e-01,-1.232813850643907472e+00
6.885842056352861618e-02,9.032991708572302159e-02,-3.724234588011565705e-01,-1.171504783942923789e+00
6.033474987264217382e-02,8.452919235884549798e-02,-2.430033400223403639e-01,-1.114900596475910222e+00
5.232179183426089591e-02,7.873646737438590171e-02,-1.620360378631080511e-01,-1.077977753881362855e+00
4.497339111859068039e-02,7.279834656710615359e-02,-4.063893197776557997e-03,-1.002029886379531387e+00
3.826139961573660209e-02,6.678426391895483927e-02,1.055977314503578901e-01,-9.457284327700220539e-01
3.213867224972885572e-02,6.080227614725925572e-02,2.550863724847045599e-01,-8.630837893943411609e-01
2.659929517188696149e-02,5.488719737640473939e-02,3.590757263056230109e-01,-8.005774626445444353e-01
2.158054457548138488e-02,4.913387529464618292e-02,4.669700546895496629e-01,-7.300889982121702149e-01
1.719557296986531231e-02,4.347812617375769462e-02,5.900227861227532733e-01,-6.402946305235166502e-01
1.339009847970202075e-02,3.799173850373366301e-02,6.822622430676292815e-01,-5.636823191589130921e-01
1.017249518447589304e-02,3.270496583827661730e-02,7.929131037850292163e-01,-4.550680127354270743e-01
7.526664478361345945e-03,2.766140265926873149e-02,8.695988940652280563e-01,-3.611109330036574305e-01
5.331346283783604083e-03,2.295289883414827758e-02,9.296614559527158761e-01,-2.652141475247581370e-01
3.604970373728336348e-03,1.859056396536297451e-02,9.764567698896867709e-01,-1.534380334542686519e-01
2.303233226654458239e-03,1.461594768710933190e-02,9.970992214518387131e-01,-5.385887622445659217e-02
1.327539263206918042e-03,1.108086175030932249e-02,9.982410091196469715e-01,4.194032522946189445e-02
6.634695802436323033e-04,8.002041553487883666e-03,9.780154725479462963e-01,1.482718026195599115e-01
2.982471108593305782e-04,5.397360164034645594e-03,9.372502839602200320e-01,2.504989342088704274e-01
1.127919329145553112e-04,3.297272440788451275e-03,9.043876970348669886e-01,3.092123913512085931e-01
3.023142525424732881e-05,1.716996159362909518e-03,8.494403181914724765e-01,3.880202079899028877e-01
1.163135626052157946e-05,6.606037875998410896e-04,8.282821614644957364e-01,4.143885115872594227e-01
2.326730492521992698e-06,1.321468401153714535e-04,8.051647075583954205e-01,4.414015093331745687e-01
7.647797694492376193e-06,-1.296425699037196105e-04,7.684892617951391003e-01,4.811556278428642530e-01
3.823144101946993328e-05,-6.480849079540863160e-04,7.712737216133203066e-01,4.782533621279411729e-01
9.936854530587214095e-05,-1.684457944059479777e-03,7.459778739150437765e-01,5.040060774285923806e-01
2.424758346072590617e-04,-3.232910578297568116e-03,6.640063237496438564e-01,5.796496150696178740e-01
5.371097589059977469e-04,-5.282548190596383919e-03,5.609936046408074972e-01,6.625755770922985288e-01
1.050625759277785520e-03,-7.814218799879812938e-03,3.879719019594832785e-01,7.823222469293051873e-01
1.958380698010912975e-03,-1.076732438563818457e-02,1.001269098182708817e-01,9.486164083451904538e-01
3.488037334850966221e-03,-1.401690395833884821e-02,-2.677734062459871112e-01,1.125954442349239581e+00
5.868743453659463344e-03,-1.733316979904531846e-02,-6.753214295806073686e-01,1.294342083678270638e+00
9.286506421511657103e-03,-2.036182774924405470e-02,-9.118487416603446860e-01,1.382696185595499783e+00
1.372534710342591252e-02,-2.280471833384575125e-02,-8.482096956754570094e-01,1.359488762614629698e+00
1.901690687830201801e-02,-2.456385315115604262e-02,-5.807641323834167313e-01,1.257284427798028847e+00
2.494633054179960438e-02,-2.588168866563614334e-02,-3.903016789129845066e-01,1.179110545671178567e+00
3.143776533323282274e-02,-2.667440876977466083e-02,-1.749755072627012797e-01,1.083962871717800702e+00
3.844110538270624489e-02,-2.653964148493213188e-02,1.555569798138518589e-01,9.189358085231786877e-01
4.565127580377915939e-02,-2.511484422897774377e-02,5.995752601202544163e-01,6.327912293005850675e-01
5.274920541893608761e-02,-2.312002913853372296e-02,8.011902807386160896e-01,4.458808352703488298e-01
5.904919639722432112e-02,-2.543921327203536517e-02,9.057183860605332315e-01,3.070531125708820253e-01
6.497951906405216582e-02,-3.192537733435428515e-02,6.568570308031314031e-01,5.857840636248724531e-01
7.065786670704250760e-02,-3.883251692086784473e-02,5.389104580560489799e-01,6.790357442314439718e-01
7.546162806261955125e-02,-4.671692816091979616e-02,2.137329716949737390e-01,8.867169944830347594e-01
8.170502759014294791e-02,-5.417951541836840690e-02,-7.919003454062001346e-01,1.338618820055283765e+00
9.032802323276645229e-02,-6.008239114488311827e-02,-8.717245221747629280e-01,1.368109835566853505e+00
9.994001668170035546e-02,-6.525333263270044482e-02,-9.354682474929534308e-01,1.391211072229139978e+00
1.102648442610311141e-01,-6.985566560385875201e-02,-1.050405489135672887e+00,1.431923702274556565e+00
1.213209519719926077e-01,-7.357873741233070253e-02,-1.033320241888950441e+00,1.425945385310724456e+00
1.329617089945813180e-01,-7.668100875278678619e-02,-9.387385714579927765e-01,1.392385927628541076e+00
1.450404008824083824e-01,-7.948329080968999372e-02,-8.970596441504843366e-01,1.377337883073897151e+00
1.575068107846265553e-01,-8.210751364405036168e-02,-8.946531189947668494e-01,1.376463991172586665e+00
1.703636590387702376e-01,-8.438085594464692085e-02,-8.928441194337777276e-01,1.375806715870284469e+00
1.836119242545051211e-01,-8.621207391184186608e-02,-8.265127239169181017e-01,1.351485376878683864e+00
1.971870466028194380e-01,-8.785013019799768619e-02,-7.898027439363386470e-01,1.337835095942821573e+00
2.110699691935377653e-01,-8.930970386219312662e-02,-7.584163155341820950e-01,1.326052908271077246e+00
2.252396418259979827e-01,-9.062370121236038023e-02,-7.368225301273114702e-01,1.317885628621585425e+00
2.396769056202236736e-01,-9.184469573489764671e-02,-7.384272372226414749e-01,1.318494306860155341e+00
2.543737252309384300e-01,-9.282091289229611741e-02,-7.272133454182974077e-01,1.314234889743191026e+00
2.693165925372578151e-01,-9.353816905136023985e-02,-6.932930949928060027e-01,1.301265958592941141e+00
2.844771510610179521e-01,-9.414171596223919192e-02,-6.838197454696972599e-01,1.297620801879230568e+00
2.998441901793295616e-01,-9.449547070601981014e-02,-6.477270257592324665e-01,1.283638198932718133e+00
3.153977612660311403e-01,-9.478220660705571898e-02,-6.325320290086102748e-01,1.277705767776216250e+00
3.311198600720319241e-01,-9.495425149560615674e-02,-6.238579073323149426e-01,1.274306834060115579e+00
3.469968412304272332e-01,-9.494486744839825132e-02,-5.967146167823322855e-01,1.263611734981253010e+00
3.630111629372971827e-01,-9.490588775861971693e-02,-5.915374887747042454e-01,1.261561527938571903e+00
3.791462897694017897e-01,-9.478532048611629235e-02,-5.922911046689063319e-01,1.261860176354300478e+00
3.953850971277216297e-01,-9.452966874129922759e-02,-5.918895488430100382e-01,1.261701053674367801e+00
4.117090117140344008e-01,-9.409594714614956390e-02,-5.830967300441021184e-01,1.258211719085505109e+00
4.281014646176081739e-01,-9.350852644267182434e-02,-5.728658663402306228e-01,1.254139492377235765e+00
4.445454564194850633e-01,-9.278793698499027132e-02,-5.663514511965397347e-01,1.251539632291578608e+00
4.610212659457648687e-01,-9.188919865024777756e-02,-5.504699333307045972e-01,1.245178675263395540e+00
4.775162228955124322e-01,-9.088029533483887867e-02,-5.407599762998960280e-01,1.241273530008553783e+00
4.940099252223610904e-01,-8.973825936957860461e-02,-5.302159251855911304e-01,1.237018967189101426e+00
5.104850504449864879e-01,-8.844813633350945281e-02,-5.111049761833059701e-01,1.229270098954377888e+00
5.269320277451561285e-01,-8.711463266194399702e-02,-5.075344448100227446e-01,1.227816942711747572e+00
5.433274307427335970e-01,-8.565853177007248798e-02,-4.974201651655345557e-01,1.223691204988225145e+00
5.596578198446791053e-01,-8.411083326408544392e-02,-4.862391040974916034e-01,1.219114065252916213e+00
5.759133578640502904e-01,-8.255110948299071438e-02,-4.924217363216445431e-01,1.221647140675917287e+00
5.920688233289550517e-01,-8.088993940239422309e-02,-4.948263200469498191e-01,1.222630900986454661e+00
6.081103303015706896e-01,-7.914853459678214409e-02,-5.001038666448478498e-01,1.224787274037760332e+00
6.240312921487023434e-01,-7.742021571016564907e-02,-5.428067424695304233e-01,1.242097718567074072e+00
6.397819422063721895e-01,-7.546185362397030139e-02,-5.867661055124360203e-01,1.259669046024564310e+00
6.553124142192837676e-01,-7.303340025929253021e-02,-5.977006987285931050e-01,1.264001858672918699e+00
6.705722640254334621e-01,-7.005467005288909532e-02,-5.660215551952654245e-01,1.251407829284788109e+00
6.855360128996295099e-01,-6.656022385762316862e-02,-4.932406180495518822e-01,1.221982249482189475e+00
7.002512307905255362e-01,-6.285812015177821843e-02,-4.485520999682661714e-01,1.203558099955405636e+00
7.146924596737393998e-01,-5.899541326772596295e-02,-4.361087341183713662e-01,1.198377542395705708e+00
7.286778683345012109e-01,-5.446553001228671836e-02,-3.013737023592599762e-01,1.140777674377992046e+00
7.423427691686470542e-01,-4.968649266309075468e-02,-1.884623760578929552e-01,1.090166214876379769e+00
7.558279819422104584e-01,-4.519388579902459957e-02,-1.327216302788711833e-01,1.064293958584220823e+00
7.690311841401906712e-01,-4.071459920892799011e-02,-6.360009378548259207e-02,1.031309892217408430e+00
7.819806973137988226e-01,-3.632248952436989420e-02,4.162791327500192651e-03,9.979164337120116635e-01
7.946906681843846076e-01,-3.215473147824961242e-02,6.025988825757166989e-02,9.694019350828779746e-01
8.071648856655917470e-01,-2.827478266497835541e-02,1.054443638038896625e-01,9.458095136950729342e-01
8.193967871690979177e-01,-2.472274505588728521e-02,1.411146540795438220e-01,9.267606734861251194e-01
8.313783511838963580e-01,-2.153046143896517745e-02,1.669155153876976660e-01,9.127346189404137444e-01
8.431013555358912726e-01,-1.873781448995301413e-02,1.773716018740417733e-01,9.069886427767208659e-01
8.545417446070178169e-01,-1.633514741086111027e-02,1.699379156619352793e-01,9.110774304844043714e-01
8.656599160314780717e-01,-1.421855435087523642e-02,1.511368784055405756e-01,9.213376805463127095e-01
8.764111448722848863e-01,-1.222742579959977711e-02,1.377422220503659034e-01,9.285783639250023702e-01
8.867677819370094472e-01,-1.027486620932042266e-02,1.372854165586555597e-01,9.288243017069183205e-01
8.967223048189096879e-01,-8.377400626411603268e-03,1.424223952067628085e-01,9.260548605742735528e-01
9.062622082535699564e-01,-6.526646882582325462e-03,1.620742546189847255e-01,9.153828408818985851e-01
9.154019293755570885e-01,-4.854569048692868732e-03,1.678779346992779198e-01,9.122072490945914991e-01
9.241470532744612276e-01,-3.441142079070803623e-03,1.411377557742328204e-01,9.267482097235295591e-01
9.324540241925319828e-01,-2.093564878631274089e-03,1.082543979569448034e-01,9.443228272381511967e-01
9.402468210014314209e-01,-5.228116677640983357e-04,1.541717593496370053e-01,9.196892087277979133e-01
9.475853961968714323e-01,9.692117667372283831e-04,1.655095114776945486e-01,9.135045093059505072e-01
9.544929903234653512e-01,2.303278880290154755e-03,1.612389422821995932e-01,9.158389911539038808e-01
9.608980747028280645e-01,3.745219781678734480e-03,2.074380095086859610e-01,8.902595073860846142e-01
9.668370590135919596e-01,5.072192114200297329e-03,2.362607415034868596e-01,8.739217690940723759e-01
9.723138577224674783e-01,6.243606635191569984e-03,2.542287644728983276e-01,8.635804742623015562e-01
9.773101211304371372e-01,7.312241036033876110e-03,2.783454102708453615e-01,8.495025542805357821e-01
9.818240923189660574e-01,8.261522197225227779e-03,3.011123936047953586e-01,8.359949798863655079e-01
9.858533387458878749e-01,9.080924743962898865e-03,3.206708928845455331e-01,8.242142361761621849e-01
9.893887382682822196e-01,9.794125768720126496e-03,3.531342641655335068e-01,8.042796378340474339e-01
9.924304230805310878e-01,1.036699792075925636e-02,3.949337292076025019e-01,7.778600586174851950e-01
9.949942145536377902e-01,1.061982327745928691e-02,3.809525123590680185e-01,7.867957089619465050e-01
9.970608058742902458e-01,1.056049595195132987e-02,1.719169239013697004e-01,9.099907011055828887e-01
9.985342916373929345e-01,1.074922119742914572e-02,3.770572288967166674e-02,9.809659918214944652e-01
9.994412632263647289e-01,1.121014977521836778e-02,4.553127856067479273e-01,7.380292774634703568e-01
9.998882305846892304e-01,1.147460770706145231e-02,7.027749653640106287e-01,5.451834871270307969e-01
