x0,z0,x1,z1,face
5.2290276831708518,8.9621665790430249,5.2234396211974206,8.9633202359041757,0
5.2234214046606651,8.9633680428954037,5.2234396211974206,8.9633202359041757,0
3.1085887503834257,8.8813865982641715,3.1141978547256537,8.8883031712684009,0
3.1084707724467702,8.8813344062530675,3.1030741346936477,8.8794635809033569,0
3.1085887503834257,8.8813865982641715,3.1085653511368596,8.8813645794937646,0
3.1085653511368596,8.8813645794937646,3.1084707724467702,8.8813344062530675,0
4.3119656999135216,9.1494196406198913,4.4110526899743192,9.1327151161701234,0
3.0259435642469708,9.0151712063071177,3.026237774298346,9.0156725762661001,0
3.0097589660147861,8.9826110092019977,3.0164374425762395,8.9979519722577646,0
3.0164374425762395,8.9979519722577646,3.0259435642469708,9.0151712063071177,0
3.0096268878813262,8.982268801057419,3.0097589660147861,8.9826110092019977,0
3.0055555766049449,8.9707083008070985,3.0096268878813262,8.982268801057419,0
3.0024538161154473,8.9594806508187634,3.0055555766049449,8.9707083008070985,0
3.0009316790096703,8.9508808660994017,3.0024005512358949,8.9592286236869114,0
3.0001656106052952,8.942694302896971,3.0009316790096703,8.9508808660994017,0
3.0024005512358949,8.9592286236869114,3.0024538161154473,8.9594806508187634,0
3.0001576099343445,8.9425122295529516,3.0001656106052952,8.942694302896971,0
3.000398621102736,8.9305454067628141,3.0000507372385474,8.9364425395323615,0
3.0000507372385474,8.9364425395323615,3.0001576099343445,8.9425122295529516,0
3.0023916482122588,8.9184703805026952,3.0011440810772032,8.9247651744629302,0
3.0004155067945133,8.9303904322989247,3.000398621102736,8.9305454067628141,0
3.0011440810772032,8.9247651744629302,3.0004155067945133,8.9303904322989247,0
3.0034302474739802,8.9148436782065428,3.0024237697608354,8.9183433045622387,0
3.0024237697608354,8.9183433045622387,3.0023916482122588,8.9184703805026952,0
3.0047963971902787,8.911095360879294,3.0034302474739802,8.9148436782065428,0
3.0057233954647664,8.9089289055938821,3.0048280951890747,8.9110169877146248,0
3.0067251286911496,8.9068396478296297,3.0057233954647664,8.9089289055938821,0
3.0048280951890747,8.9110169877146248,3.0047963971902787,8.911095360879294,0
3.0078640326065762,8.904717102474315,3.0067575226708985,8.9067778660821251,0
3.0090734391395269,8.90271498223502,3.0078640326065762,8.904717102474315,0
3.0067575226708985,8.9067778660821251,3.0067251286911496,8.9068396478296297,0
3.0104214392868212,8.9007421694188888,3.0091120749915721,8.9026570316783289,0
3.0118166299249762,8.8989291509877386,3.0104214392868212,8.9007421694188888,0
3.0091120749915721,8.9026570316783289,3.0090734391395269,8.90271498223502,0
3.0135745529822153,8.8968936627331843,3.011864636430766,8.8988724874595064,0
3.015340057219472,8.8950739356925297,3.0135745529822153,8.8968936627331843,0
3.011864636430766,8.8988724874595064,3.0118166299249762,8.8989291509877386,0
3.017179048631232,8.8933759090366031,3.0153919517496059,8.8950248919369415,0
3.0189552984409267,8.8919078277550589,3.017179048631232,8.8933759090366031,0
3.0153919517496059,8.8950248919369415,3.015340057219472,8.8950739356925297,0
3.0235747807835307,8.8887683804836239,3.0213303235360471,8.8901818126467891,0
3.0213303235360471,8.8901818126467891,3.0190157734080665,8.8918628930942472,0
3.0294425604103554,8.8857730661631251,3.0235747807835307,8.8887683804836239,0
3.0190157734080665,8.8918628930942472,3.0189552984409267,8.8919078277550589,0
3.0295641210509796,8.8857097150325615,3.0294425604103554,8.8857730661631251,0
3.0348541909015836,8.8835842235743758,3.0295641210509796,8.8857097150325615,0
3.0348541909015836,8.8835842235743758,3.0583614057860888,8.8777144130221206,0
3.0588194385814571,8.8776146188509255,3.0583614057860888,8.8777144130221206,0
4.5075176578531675,9.1106191439661544,4.5088888707272883,9.1103358554935916,0
4.4129333393283572,9.1324191698769734,4.5075176578531675,9.1106191439661544,0
4.4110526899743192,9.1327151161701234,4.4129333393283572,9.1324191698769734,0
4.0953701565716196,9.1866974071653491,4.208509461300932,9.1674228164639224,0
4.0925089390730847,9.1871602931390477,4.0953701565716196,9.1866974071653491,0
4.0474202418479885,9.1931372889807932,4.0925089390730847,9.1871602931390477,0
3.9803488027668812,9.2046006354055301,4.0474202418479885,9.1931372889807932,0
3.9789393517814471,9.2047915221679197,3.9803488027668812,9.2046006354055301,0
3.9775341207540005,9.2050025799312536,3.9789393517814471,9.2047915221679197,0
3.8694066902293764,9.2199049269834319,3.9775341207540005,9.2050025799312536,0
3.7600348750245849,9.2335045334693753,3.8667352000232711,9.2202524722173003,0
3.8667352000232711,9.2202524722173003,3.8694066902293764,9.2199049269834319,0
3.7590097950618482,9.2336061157694864,3.7600348750245849,9.2335045334693753,0
3.7580011861535372,9.2337257426496535,3.7590097950618482,9.2336061157694864,0
3.7000698721311549,9.2393617045808032,3.7580011861535372,9.2337257426496535,0
3.6415419915457536,9.2431939386170434,3.6984113752965899,9.2394890783694805,0
3.6984113752965899,9.2394890783694805,3.7000698721311549,9.2393617045808032,0
3.5917071497787547,9.2446420415938348,3.6400088987061792,9.2432574772528575,0
3.6400088987061792,9.2432574772528575,3.6415419915457536,9.2431939386170434,0
3.5425651214448015,9.2441761685032535,3.5902384312310867,9.2446470850523124,0
3.5902384312310867,9.2446470850523124,3.5917071497787547,9.2446420415938348,0
3.498306436419484,9.2419536514340379,3.5411751300766015,9.2441252052528977,0
3.5411751300766015,9.2441252052528977,3.5425651214448015,9.2441761685032535,0
3.4546350172800171,9.2379294277825323,3.4969576760024079,9.241848695579117,0
3.4969576760024079,9.241848695579117,3.498306436419484,9.2419536514340379,0
3.4526980840688331,9.2376948167594364,3.4546350172800171,9.2379294277825323,0
3.413947885312516,9.2321153911655802,3.4526980840688331,9.2376948167594364,0
3.4126883512067288,9.2318700133469083,3.413947885312516,9.2321153911655802,0
3.3739458907002673,9.2242726393483423,3.4126883512067288,9.2318700133469083,0
3.3727172203500837,9.2239894214398443,3.3739458907002673,9.2242726393483423,0
3.3356218533198132,9.2148272380251814,3.3727172203500837,9.2239894214398443,0
3.299326789753338,9.2040748930757754,3.3356218533198132,9.2148272380251814,0
3.2975470043604407,9.2035356015815868,3.299326789753338,9.2040748930757754,0
3.2290332240596928,9.1778115170978545,3.2624614974114978,9.1913385672186685,0
3.2624614974114978,9.1913385672186685,3.2969635033601401,9.2033561737223533,0
3.2969635033601401,9.2033561737223533,3.2975470043604407,9.2035356015815868,0
3.227366067512345,9.177125331471645,3.2290332240596928,9.1778115170978545,0
3.1663853973021086,9.1461317789632712,3.1957092961520939,9.1626215796268333,0
3.2268237079313318,9.1769012485952004,3.227366067512345,9.177125331471645,0
3.1957092961520939,9.1626215796268333,3.2268237079313318,9.1769012485952004,0
3.1345712278432254,9.1252578244111699,3.1648734725340275,9.1452768187670515,0
3.1648734725340275,9.1452768187670515,3.1663853973021086,9.1461317789632712,0
3.1331527566279047,9.1242297007272324,3.1345712278432254,9.1252578244111699,0
3.1055295989587313,9.1036348291079872,3.1331527566279047,9.1242297007272324,0
3.0791131530304465,9.0797404685960803,3.1051131810680666,9.1032839347146872,0
3.1051131810680666,9.1032839347146872,3.1055295989587313,9.1036348291079872,0
3.0578475765392255,9.0574869156809381,3.0791131530304465,9.0797404685960803,0
3.0565698920173174,9.0561347955035867,3.0578475765392255,9.0574869156809381,0
3.039384183486006,9.0353607520141495,3.0565698920173174,9.0561347955035867,0
3.0266189451766459,9.0162678734800465,3.039384183486006,9.0353607520141495,0
3.026237774298346,9.0156725762661001,3.0266189451766459,9.0162678734800465,0
3.059515541573143,8.8775570579880476,3.0588194385814571,8.8776146188509255,0
3.1030741346936477,8.8794635809033569,3.1024918659076568,8.8793670632972361,0
3.1024918659076568,8.8793670632972361,3.0829727951173771,8.8762942149094464,0
3.0829727951173771,8.8762942149094464,3.059515541573143,8.8775570579880476,0
5.2227408508616939,8.9635146868514397,5.2234214046606651,8.9633680428954037,0
5.1684497061856263,8.9688467328695847,5.1696985759572227,8.9687056320588887,0
5.0605790235206838,8.9780407882160205,5.133596833070837,8.9720146764880013,0
5.133596833070837,8.9720146764880013,5.1674090494444656,8.9690059076155695,0
5.0582330309212651,8.9783330284267091,5.0605790235206838,8.9780407882160205,0
5.1674090494444656,8.9690059076155695,5.1684497061856263,8.9688467328695847,0
4.6019569829896678,9.0797664164829275,4.561761004043543,9.0967790386589211,0
4.5401070948192137,9.1010161732760331,4.5088888707272883,9.1103358554935916,0
4.5409026969781889,9.1008170093513563,4.5401070948192137,9.1010161732760331,0
4.561761004043543,9.0967790386589211,4.5409026969781889,9.1008170093513563,0
4.310815403936628,9.1496284338532554,4.3119656999135216,9.1494196406198913,0
4.2109253982695236,9.1669703068058688,4.310815403936628,9.1496284338532554,0
4.2103006355537484,9.1670841725275185,4.2109253982695236,9.1669703068058688,0
4.209885962883896,9.1671662722584184,4.2103006355537484,9.1670841725275185,0
4.208509461300932,9.1674228164639224,4.209885962883896,9.1671662722584184,0
5.2227408508616939,8.9635146868514397,5.2066801414872481,8.9653304167755952,0
5.2066801414872481,8.9653304167755952,5.1696985759572227,8.9687056320588887,0
4.969676510137556,8.9853532398555007,4.9689869039605359,8.9854094068680546,0
5.0582330309212651,8.9783330284267091,4.969676510137556,8.9853532398555007,0
4.6939090892948228,9.0462861229872757,4.6729757410757244,9.0560703782698209,0
4.6653078931086887,9.058421665145131,4.6729757410757244,9.0560703782698209,0
4.6038429648533024,9.0791373498937205,4.6653078931086887,9.058421665145131,0
4.6033409185933554,9.0793109916465085,4.6038429648533024,9.0791373498937205,0
4.6029938747155104,9.0794260345429265,4.6033409185933554,9.0793109916465085,0
4.6019569829896678,9.0797664164829275,4.6029938747155104,9.0794260345429265,0
4.8328060330912486,9.003013547374314,4.8345049911222269,9.0026403578740091,0
4.8313674148460297,9.0033331510355268,4.8291859508867159,9.0038227961808541,0
4.8284657498883208,9.0039858629937104,4.8278656566990703,9.0041234122367655,0
4.8200213979167605,9.0059638766287531,4.8188157418057997,9.0062543350323025,0
4.8188157418057997,9.0062543350323025,4.817205221721359,9.006646934401088,0
4.817205221721359,9.006646934401088,4.8149598334825914,9.0072025028423184,0
4.8043507711916593,9.0099303461520908,4.8062692032336907,9.0094241108201505,0
4.7164072256150762,9.0377575624094764,4.7160277066650327,9.0378908567346965,0
4.6974482885599418,9.0445670696364893,4.6961823715500524,9.0449885549721003,0
4.6981512644473815,9.044310299028373,4.6974482885599418,9.0445670696364893,0
4.9655588687096053,8.9858227496709588,4.9689869039605359,8.9854094068680546,0
4.8783532915934531,8.9946340856303291,4.8736226670172815,8.995341936957681,0
4.8665303987648931,8.9964745385194806,4.8662932156367722,8.9965142741804769,0
4.8662932156367722,8.9965142741804769,4.864169817107955,8.996863427146657,0
4.8398141197403692,9.0014902700093664,4.8387054150291027,9.0017415981158475,0
4.8387054150291027,9.0017415981158475,4.8373066739290964,9.0020373122517245,0
4.8373066739290964,9.0020373122517245,4.8361867178297677,9.0022762272781982,0
4.806755825924137,9.0092963663053105,4.8062692032336907,9.0094241108201505,0
4.8024067786795834,9.0104500431580981,4.8011097617935636,9.0108015733688589,0
4.8011097617935636,9.0108015733688589,4.7994868818200285,9.0112449218723008,0
4.718126274485523,9.0371503208990589,4.717804277628546,9.0372635632869347,0
4.7118416148139888,9.0393772904819389,4.7101870381104707,9.0399668035917227,0
4.7101870381104707,9.0399668035917227,4.7099396383857819,9.0400555098715021,0
4.7099396383857819,9.0400555098715021,4.7098054295784948,9.0401037882508302,0
4.7098054295784948,9.0401037882508302,4.7068139864284104,9.0411761875501178,0
4.7039287955071272,9.0422135516156281,4.7065509111001074,9.0412708642454902,0
4.6992935801082165,9.0438930794956125,4.6986450473270676,9.0441304332585535,0
4.6986450473270676,9.0441304332585535,4.6981512644473815,9.044310299028373,0
4.694994557880273,9.0454882473320861,4.6939090892948228,9.0462861229872757,0
4.9641973791583265,8.9859390931786667,4.9655588687096053,8.9858227496709588,0
4.9532710117071161,8.9868626410657217,4.9530259931032292,8.9868831429744258,0
4.9530259931032292,8.9868831429744258,4.9529649122925443,8.9868886047494065,0
4.9529649122925443,8.9868886047494065,4.9508956469932492,8.9870618045531945,0
4.881336338487313,8.9942051368771221,4.8803631738319186,8.9943422378127416,0
4.8730399521550831,8.995430686352444,4.8727642109473601,8.9954737879084732,0
4.8732067905309888,8.9954048628292629,4.8730399521550831,8.995430686352444,0
4.8601556877494643,8.9975673863951187,4.8588388047911604,8.9978015702919407,0
4.8588388047911604,8.9978015702919407,4.8583307137441016,8.997892298060842,0
4.856403106168008,8.9982442579053323,4.8560461983603362,8.9983078780237609,0
4.8583307137441016,8.997892298060842,4.856403106168008,8.9982442579053323,0
4.8426897266966895,9.0008685702111482,4.8398141197403692,9.0014902700093664,0
4.8361867178297677,9.0022762272781982,4.8355562679232014,9.0024124670829035,0
4.8355562679232014,9.0024124670829035,4.8345049911222269,9.0026403578740091,0
4.8328060330912486,9.003013547374314,4.8323266123761419,9.0031195546079932,0
4.8149598334825914,9.0072025028423184,4.8146235044798482,9.007285571379704,0
4.8142226668879502,9.007385495682211,4.8139922982267773,9.0074435602573892,0
4.8139922982267773,9.0074435602573892,4.8133010325803651,9.0076175542435557,0
4.812067218826642,9.007928740832984,4.8133010325803651,9.0076175542435557,0
4.8043507711916593,9.0099303461520908,4.8031361531750214,9.0102545042228943,0
4.8031361531750214,9.0102545042228943,4.8024067786795834,9.0104500431580981,0
4.7201509913800646,9.0364377346193709,4.721500974258789,9.0359617214217351,0
4.718126274485523,9.0371503208990589,4.7201509913800646,9.0364377346193709,0
4.717804277628546,9.0372635632869347,4.7174233324678747,9.037398343152022,0
4.7172056328658396,9.0374751727688309,4.7164072256150762,9.0377575624094764,0
4.7174233324678747,9.037398343152022,4.7172056328658396,9.0374751727688309,0
4.7068139864284104,9.0411761875501178,4.706678441811996,9.0412248808733544,0
4.7066470668871503,9.0412361801516568,4.7065509111001074,9.0412708642454902,0
4.706678441811996,9.0412248808733544,4.7066470668871503,9.0412361801516568,0
4.7039287955071272,9.0422135516156281,4.7029098323115894,9.0425829714881338,0
4.7029098323115894,9.0425829714881338,4.7023924456326567,9.0427704892822209,0
4.7014687987307218,9.0431050468801768,4.6992935801082165,9.0438930794956125,0
4.7023924456326567,9.0427704892822209,4.7014687987307218,9.0431050468801768,0
4.6961823715500524,9.0449885549721003,4.6955738391059993,9.0451915063079582,0
4.9641973791583265,8.9859390931786667,4.9623634594900565,8.9860917051438545,0
4.9623634594900565,8.9860917051438545,4.9610615642996345,8.9862013772256635,0
4.9610615642996345,8.9862013772256635,4.9593265233898789,8.9863467265445074,0
4.9593265233898789,8.9863467265445074,4.9587193022923923,8.9863972282284585,0
4.9587193022923923,8.9863972282284585,4.957709942041614,8.986484355951017,0
4.9391296895828063,8.9880692243124596,4.9376583933132228,8.988196434009458,0
4.9397738945311573,8.9880143216917485,4.9391296895828063,8.9880692243124596,0
4.9308684209135514,8.9887852345084838,4.9299782587984113,8.9888646661548766,0
4.9299782587984113,8.9888646661548766,4.9294333931752776,8.9889121465702981,0
4.9294333931752776,8.9889121465702981,4.9288475492133683,8.9889648458699849,0
4.9288475492133683,8.9889648458699849,4.9280671599638399,8.9890350614769172,0
4.8981466027136094,8.9920473277226645,4.8966378320282056,8.9922260203813451,0
4.8952790532493209,8.9923880976997914,4.8966378320282056,8.9922260203813451,0
4.8940901788104219,8.9925315145751608,4.8934067473489833,8.9926149883769675,0
4.8926318276549887,8.9927107183081549,4.8927101383428315,8.992700943926442,0
4.8931329655790812,8.9926489334858175,4.8934067473489833,8.9926149883769675,0
4.8926318276549887,8.9927107183081549,4.8915209970752027,8.992850201942364,0
4.8915209970752027,8.992850201942364,4.8907798140561152,8.9929429350252654,0
4.8803631738319186,8.9943422378127416,4.8798680774640637,8.9944120517522439,0
4.8736226670172815,8.995341936957681,4.8733696353775517,8.9953799515011283,0
4.8733696353775517,8.9953799515011283,4.8732067905309888,8.9954048628292629,0
4.8727642109473601,8.9954737879084732,4.8716977294312498,8.9956447687427694,0
4.8716977294312498,8.9956447687427694,4.8668895258936331,8.9964153145088215,0
4.8668895258936331,8.9964153145088215,4.8665303987648931,8.9964745385194806,0
4.8617016563138415,8.9972898330491979,4.8607199830023271,8.9974677219105406,0
4.8607199830023271,8.9974677219105406,4.8601556877494643,8.9975673863951187,0
4.864169817107955,8.996863427146657,4.8617016563138415,8.9972898330491979,0
4.8560461983603362,8.9983078780237609,4.8542377425607848,8.9986452901752738,0
4.8444754036010753,9.0004948014875374,4.8426897266966895,9.0008685702111482,0
4.8480422610928375,8.9998580960063403,4.8444754036010753,9.0004948014875374,0
4.8323266123761419,9.0031195546079932,4.8320868683295419,9.0031722973023083,0
4.8320868683295419,9.0031722973023083,4.8316870476875584,9.0032613001107968,0
4.8316870476875584,9.0032613001107968,4.8313674148460297,9.0033331510355268,0
4.8291859508867159,9.0038227961808541,4.8287058572087291,9.0039310662626626,0
4.8287058572087291,9.0039310662626626,4.8284657498883208,9.0039858629937104,0
4.812067218826642,9.007928740832984,4.8108724226256623,9.0082323919352394,0
4.8108724226256623,9.0082323919352394,4.8103745267688183,9.0083598296734024,0
4.8103745267688183,9.0083598296734024,4.8083673155717381,9.0088780083601208,0
4.8083673155717381,9.0088780083601208,4.8073165104893283,9.0091501354074399,0
4.8073165104893283,9.0091501354074399,4.806755825924137,9.0092963663053105,0
4.7230704948505631,9.0354102353238002,4.7249064857623653,9.0347782295909287,0
4.7230704948505631,9.0354102353238002,4.7221940728151006,9.0357176673549979,0
4.7221940728151006,9.0357176673549979,4.721500974258789,9.0359617214217351,0
4.6955738391059993,9.0451915063079582,4.6952745345552573,9.0452913779358237,0
4.6952745345552573,9.0452913779358237,4.694994557880273,9.0454882473320861,0
4.957709942041614,8.986484355951017,4.9562270951018927,8.9866102903924965,0
4.9562270951018927,8.9866102903924965,4.9532710117071161,8.9868626410657217,0
4.9508956469932492,8.9870618045531945,4.9482548694397996,8.9873626312281889,0
4.9482548694397996,8.9873626312281889,4.9449298337090077,8.9876029851692056,0
4.9449298337090077,8.9876029851692056,4.9440083944140678,8.9876533099816225,0
4.9440083944140678,8.9876533099816225,4.9431572924825753,8.9877261045786003,0
4.9416289768845818,8.9878570907105662,4.9405740406115939,8.9879475318416713,0
4.9431572924825753,8.9877261045786003,4.9416289768845818,8.9878570907105662,0
4.9405740406115939,8.9879475318416713,4.9397738945311573,8.9880143216917485,0
4.9376583933132228,8.988196434009458,4.9364112067327897,8.9883042478264521,0
4.9346999661483588,8.9884520115883504,4.9326146062514171,8.9886341163978667,0
4.9364112067327897,8.9883042478264521,4.9346999661483588,8.9884520115883504,0
4.9317605863591112,8.9887083623474489,4.9308684209135514,8.9887852345084838,0
4.9326146062514171,8.9886341163978667,4.9317605863591112,8.9887083623474489,0
4.918479640169565,8.989880373814886,4.9203344377874156,8.9898037564543873,0
4.9279119925892694,8.9890473082572253,4.9280671599638399,8.9890350614769172,0
4.924066423093886,8.9893647275515161,4.9279119925892694,8.9890473082572253,0
4.9148672181496877,8.9904208574593341,4.91665863070215,8.990151149792613,0
4.9203344377874156,8.9898037564543873,4.924066423093886,8.9893647275515161,0
4.9073582717047826,8.990990753822965,4.9111375919739171,8.9906966308638214,0
4.8982028627036263,8.9920403875100874,4.9024936242252393,8.9915348105047812,0
4.9111375919739171,8.9906966308638214,4.9148672181496877,8.9904208574593341,0
4.9024936242252393,8.9915348105047812,4.9073582717047826,8.990990753822965,0
4.91665863070215,8.990151149792613,4.918479640169565,8.989880373814886,0
4.8981466027136094,8.9920473277226645,4.8982028627036263,8.9920403875100874,0
4.8952790532493209,8.9923880976997914,4.8946525257886311,8.9924629447991862,0
4.8946525257886311,8.9924629447991862,4.8945545542323616,8.9924747189391017,0
4.8945545542323616,8.9924747189391017,4.8944856519470843,8.9924831165296126,0
4.8944856519470843,8.9924831165296126,4.8940901788104219,8.9925315145751608,0
4.8928108581096437,8.9926885947042816,4.8927101383428315,8.992700943926442,0
4.8931329655790812,8.9926489334858175,4.8928108581096437,8.9926885947042816,0
4.8816615625713187,8.9941596556722718,4.8829264874575804,8.9939816678307007,0
4.8829264874575804,8.9939816678307007,4.8844465786411337,8.9937719697013989,0
4.8844465786411337,8.9937719697013989,4.885207581935286,8.9936688016245174,0
4.881336338487313,8.9942051368771221,4.8816615625713187,8.9941596556722718,0
4.8904895892542797,8.9929808328021643,4.8907798140561152,8.9929429350252654,0
4.8858825318794352,8.9936049025172888,4.8876151228307654,8.9933525792856805,0
4.8876151228307654,8.9933525792856805,4.8904895892542797,8.9929808328021643,0
4.885207581935286,8.9936688016245174,4.8858825318794352,8.9936049025172888,0
4.8798680774640637,8.9944120517522439,4.8794271469559165,8.9944757943598752,0
4.8794271469559165,8.9944757943598752,4.8783532915934531,8.9946340856303291,0
4.8542377425607848,8.9986452901752738,4.8529164239038876,8.9988982015700696,0
4.8529164239038876,8.9988982015700696,4.8505582239786618,8.9993586322112797,0
4.8492013032865264,8.9996273291782369,4.8480422610928375,8.9998580960063403,0
4.8505582239786618,8.9993586322112797,4.8492013032865264,8.9996273291782369,0
4.8256896154985043,9.0046304407277571,4.8258317803776656,9.0045896224228255,0
4.8255496395136053,9.0046707026725485,4.8256896154985043,9.0046304407277571,0
4.8262653433228406,9.0044891209537461,4.8270039919885201,9.0043197603326242,0
4.8258317803776656,9.0045896224228255,4.8262653433228406,9.0044891209537461,0
4.8270039919885201,9.0043197603326242,4.8278656566990703,9.0041234122367655,0
4.8218848706467945,9.0055173978722678,4.8219338921314172,9.0055086767580157,0
4.8222091879619287,9.0054467210912517,4.8255496395136053,9.0046707026725485,0
4.8200271778461525,9.0059624947343391,4.8215572854069588,9.0055956362331759,0
4.8215572854069588,9.0055956362331759,4.8217752675108798,9.0055434792666826,0
4.8220507549909772,9.005478188303309,4.8221309619556418,9.0054622284368602,0
4.8221309619556418,9.0054622284368602,4.8222091879619287,9.0054467210912517,0
4.8219338921314172,9.0055086767580157,4.8220507549909772,9.005478188303309,0
4.8200213979167605,9.0059638766287531,4.8200271778461525,9.0059624947343391,0
4.8217752675108798,9.0055434792666826,4.8218848706467945,9.0055173978722678,0
4.8143645136188118,9.0073499623613369,4.8142226668879502,9.007385495682211,0
4.8146235044798482,9.007285571379704,4.8143645136188118,9.0073499623613369,0
4.7841622384105067,9.0159646134586264,4.7857363961992991,9.0153283705281879,0
4.7923882276735617,9.0132280599790064,4.797035162138731,9.0119261296726236,0
4.7875138503664436,9.0146132878730683,4.7889532875982646,9.0142011017265915,0
4.797035162138731,9.0119261296726236,4.7994868818200285,9.0112449218723008,0
4.7814994234665109,9.0170484401574473,4.7841622384105067,9.0159646134586264,0
4.7870483247266762,9.0148002590520626,4.7875138503664436,9.0146132878730683,0
4.7901443554536023,9.0138622464841358,4.7923882276735617,9.0132280599790064,0
4.7889532875982646,9.0142011017265915,4.7901443554536023,9.0138622464841358,0
4.7857363961992991,9.0153283705281879,4.7865973450589907,9.0149815946992504,0
4.7865973450589907,9.0149815946992504,4.7870483247266762,9.0148002590520626,0
4.7813033030784791,9.017101501338125,4.7814994234665109,9.0170484401574473,0
4.7808950525961595,9.0172122738292604,4.7813033030784791,9.017101501338125,0
4.7800081129868968,9.0174542636445381,4.7808950525961595,9.0172122738292604,0
4.7759918479672772,9.0190598928913843,4.7800081129868968,9.0174542636445381,0
4.7738787201655786,9.0195836380566021,4.7759918479672772,9.0190598928913843,0
4.7735834758356006,9.0196574913381955,4.7738787201655786,9.0195836380566021,0
4.7729692107508006,9.019811600292245,4.7735834758356006,9.0196574913381955,0
4.7716361942958523,9.0201479343586399,4.7729692107508006,9.019811600292245,0
4.7654572263012032,9.021811105106174,4.7716361942958523,9.0201479343586399,0
4.7613241991495023,9.0231795800197965,4.7654572263012032,9.021811105106174,0
4.7596307566837392,9.0237472386360551,4.7613241991495023,9.0231795800197965,0
4.7536678937759991,9.0254257072449633,4.7581304902984964,9.0242542152499876,0
4.7581304902984964,9.0242542152499876,4.7596307566837392,9.0237472386360551,0
4.7530272281440382,9.0256377333198881,4.7536678937759991,9.0254257072449633,0
4.7527216762198874,9.0257391301906562,4.7530272281440382,9.0256377333198881,0
4.7495587751588886,9.0266103195284124,4.7521379768440468,9.0259333518828608,0
4.7521379768440468,9.0259333518828608,4.7527216762198874,9.0257391301906562,0
4.7476105985579817,9.0271590473383956,4.7489774799653279,9.0267998718722975,0
4.7489774799653279,9.0267998718722975,4.7495587751588886,9.0266103195284124,0
4.7473750555052536,9.0272364754035745,4.7476105985579817,9.0271590473383956,0
4.7466653500782723,9.0274230991235349,4.7473750555052536,9.0272364754035745,0
4.7454585722092171,9.0277719719069776,4.7461659150046733,9.0275870711148833,0
4.7461659150046733,9.0275870711148833,4.7466653500782723,9.0274230991235349,0
4.7417786253503307,9.0291978654245248,4.7434297253557887,9.0285491791028036,0
4.7451890462246933,9.0278609951183988,4.7454585722092171,9.0277719719069776,0
4.7442952254157316,9.028210248758068,4.7451890462246933,9.0278609951183988,0
4.7434297253557887,9.0285491791028036,4.7442952254157316,9.028210248758068,0
4.7369305555860119,9.0306476721015141,4.7352345024431752,9.0312224499909384,0
4.7417786253503307,9.0291978654245248,4.7369305555860119,9.0306476721015141,0
4.7352345024431752,9.0312224499909384,4.7332895202732619,9.03188522028025,0
4.7310528502672771,9.032652728105905,4.7304110708841893,9.032872914193991,0
4.7332895202732619,9.03188522028025,4.7310528502672771,9.032652728105905,0
4.7304110708841893,9.032872914193991,4.7295787294015801,9.0331595112685275,0
4.7284288492702116,9.033556841979852,4.727545457216638,9.0338613527476834,0
4.7295787294015801,9.0331595112685275,4.7284288492702116,9.033556841979852,0
4.727545457216638,9.0338613527476834,4.7263270576421119,9.0342837557417539,0
4.7263270576421119,9.0342837557417539,4.7256486295021451,9.0345460286661243,0
4.7256486295021451,9.0345460286661243,4.7249064857623653,9.0347782295909287,0
4.7160277066650327,9.0378908567346965,4.7150061577184132,9.0382493487653512,0
4.7133129496423294,9.0388519400941831,4.7123231854111838,9.0392056593543639,0
4.7123231854111838,9.0392056593543639,4.7120441816282188,9.0393048603136563,0
4.7150061577184132,9.0382493487653512,4.7133129496423294,9.0388519400941831,0
4.7119761785410939,9.0393348925407366,4.7118416148139888,9.0393772904819389,0
4.7120441816282188,9.0393048603136563,4.7119761785410939,9.0393348925407366,0
3.1631398052649216,8.8477913476835894,3.1633195206473368,8.8369548581695589,1
3.1633259938855942,8.8369137353793494,3.1633195206473368,8.8369548581695589,1
3.4736872991370724,8.7368984672089791,3.4199189587728518,8.7427750388478866,1
3.6328686837275996,8.7264066712902579,3.553216883785224,8.7301824560759673,1
3.8101194680562109,8.7248204681691028,3.7229306439201189,8.7248017779517966,1
3.8617659895935859,8.7253234716642734,3.8118265118622592,8.724832186880688,1
3.9113316684844657,8.726372567897414,3.8617659895935859,8.7253234716642734,1
3.8118265118622592,8.724832186880688,3.8101194680562109,8.7248204681691028,1
4.0831838700161551,8.7350199314161809,3.998090020845575,8.7298152151746979,1
4.2909515190989929,8.7530780783259328,4.1881388704018239,8.7433341021758206,1
3.1984326907738958,8.8033829448775265,3.1758273189958288,8.8191945407764116,1
3.1758273189958288,8.8191945407764116,3.1637244838807255,8.8363487814906421,1
3.1637244838807255,8.8363487814906421,3.1633259938855942,8.8369137353793494,1
3.1993838751971131,8.8027673127938897,3.1984326907738958,8.8033829448775265,1
3.2450579593009401,8.7805651123106827,3.230433964872728,8.7870188966657814,1
3.230433964872728,8.7870188966657814,3.199856357432298,8.8025151131646489,1
3.2458826518702213,8.7802285592816585,3.2450579593009401,8.7805651123106827,1
3.199856357432298,8.8025151131646489,3.1993838751971131,8.8027673127938897,1
3.2467916798108534,8.7799148869536481,3.2458826518702213,8.7802285592816585,1
3.2636314772881709,8.7738785440896265,3.2467916798108534,8.7799148869536481,1
3.3091617341245021,8.7622595276557167,3.2636314772881709,8.7738785440896265,1
3.3102567918430363,8.7620317701979609,3.3091617341245021,8.7622595276557167,1
3.3678152110252162,8.7499138461154722,3.3113239264706853,8.761807478602627,1
3.3113239264706853,8.761807478602627,3.3102567918430363,8.7620317701979609,1
3.4187137282031399,8.7429019721842032,3.3678152110252162,8.7499138461154722,1
3.4199189587728518,8.7427750388478866,3.4187137282031399,8.7429019721842032,1
3.4746797381531676,8.7367755470523267,3.4736872991370724,8.7368984672089791,1
3.552120525275317,8.7302144353433473,3.4756806097221586,8.736679147299629,1
3.4756806097221586,8.736679147299629,3.4746797381531676,8.7367755470523267,1
3.553216883785224,8.7301824560759673,3.552120525275317,8.7302144353433473,1
3.6339833334050677,8.7263345820651796,3.6328686837275996,8.7264066712902579,1
3.6932197596842342,8.7254708117743611,3.6362449230080798,8.7262592329604818,1
3.7217999286815,8.7247413061450967,3.6932197596842342,8.7254708117743611,1
3.7229306439201189,8.7248017779517966,3.7217999286815,8.7247413061450967,1
3.6362449230080798,8.7262592329604818,3.6350999021277817,8.7262949348929499,1
3.6350999021277817,8.7262949348929499,3.6339833334050677,8.7263345820651796,1
3.9123719460569575,8.7263683385064148,3.9113316684844657,8.726372567897414,1
3.9968964326125569,8.7297063783410707,3.9134073974062944,8.7263913195065559,1
3.998090020845575,8.7298152151746979,3.9968964326125569,8.7297063783410707,1
3.9134073974062944,8.7263913195065559,3.9123719460569575,8.7263683385064148,1
4.084517233129163,8.7350780526199117,4.0831838700161551,8.7350199314161809,1
4.186752416209635,8.7431663580358148,4.0858475462972113,8.7351656681850702,1
4.0858475462972113,8.7351656681850702,4.084517233129163,8.7350780526199117,1
4.1881388704018239,8.7433341021758206,4.186752416209635,8.7431663580358148,1
4.2925835198962279,8.7532094863041046,4.2909515190989929,8.7530780783259328,1
4.2942073911960232,8.7533670049096077,4.2925835198962279,8.7532094863041046,1
4.4257969709018852,8.7677088949335573,4.4240607009779183,8.767463380944772,1
4.4240607009779183,8.767463380944772,4.2942073911960232,8.7533670049096077,1
4.4908791463284112,8.7788583271819043,4.4275436836062489,8.7679239091143799,1
4.4275436836062489,8.7679239091143799,4.4257969709018852,8.7677088949335573,1
4.5552117837209023,8.7948366749845253,4.4917493231729857,8.7790270684588627,1
4.4917493231729857,8.7790270684588627,4.4908791463284112,8.7788583271819043,1
4.5567887060799848,8.795181320258207,4.5552117837209023,8.7948366749845253,1
5.0237891487828206,8.9226936995791473,5.023058786227951,8.9225306892407588,1
5.2249459360343948,8.9597515341239262,5.2290276831708518,8.9621665790430249,1
5.2057749919318406,8.9583400417023942,5.1875492909258085,8.954694129811088,1
5.1875492909258085,8.954694129811088,5.1873540575744368,8.9546452856293044,1
4.5598037331560723,8.795969830903978,4.5567887060799848,8.795181320258207,1
4.6688050905403529,8.830425921360975,4.6674577999437359,8.8300196716468182,1
5.0712891236311117,8.9305275074600878,5.0387463013990272,8.9254887352815011,1
5.0733485534367508,8.9309830606409637,5.0712891236311117,8.9305275074600878,1
5.0387463013990272,8.9254887352815011,5.0237891487828206,8.9226936995791473,1
5.096567572991118,8.9348032728627,5.0733485534367508,8.9309830606409637,1
5.096567572991118,8.9348032728627,5.1039855542052237,8.9372189515346161,1
5.1145733951849826,8.9387318137773359,5.1113173923863169,8.9381736762914645,1
5.1113173923863169,8.9381736762914645,5.1039855542052237,8.9372189515346161,1
5.1145733951849826,8.9387318137773359,5.1378596748145311,8.9438194477075879,1
5.1378596748145311,8.9438194477075879,5.1421992730101849,8.9449872781993633,1
5.1421992730101849,8.9449872781993633,5.1873540575744368,8.9546452856293044,1
4.5598037331560723,8.795969830903978,4.6048217197861954,8.8076317924083707,1
4.6120829975217008,8.8107381646459455,4.6048217197861954,8.8076317924083707,1
4.6190843768214673,8.8139674313921805,4.6210451006333386,8.8146261802806194,1
4.6120829975217008,8.8107381646459455,4.6190843768214673,8.8139674313921805,1
4.6370254300433986,8.8198281867514492,4.6674577999437359,8.8300196716468182,1
4.636197972694041,8.8195835842728645,4.6370254300433986,8.8198281867514492,1
4.6210451006333386,8.8146261802806194,4.636197972694041,8.8195835842728645,1
5.023058786227951,8.9225306892407588,5.0200332254529734,8.9218238910524867,1
5.2220348723020864,8.9601658967468598,5.2144877913095318,8.9600716408904102,1
5.2144877913095318,8.9600716408904102,5.2070038912309657,8.9586266498158658,1
5.2070038912309657,8.9586266498158658,5.2057749919318406,8.9583400417023942,1
5.2249459360343948,8.9597515341239262,5.2220348723020864,8.9601658967468598,1
4.9687433575400242,8.9120365972974298,4.9699801582826026,8.9122779470347311,1
4.9710133771746614,8.9124692197010287,4.9699801582826026,8.9122779470347311,1
4.6688050905403529,8.830425921360975,4.6826440455312559,8.8341228427803333,1
4.721037519327834,8.848068970536767,4.7213313509937365,8.8481687023957534,1
4.7490647245523618,8.8575176843574717,4.7489134730983329,8.8574672280932063,1
4.9513572409604363,8.9087657291655535,4.9526726960517946,8.9090092831588255,1
4.9513572409604363,8.9087657291655535,4.9509188709598586,8.9086802627672981,1
4.9786989191783277,8.9139287042282138,4.9802771505947137,8.9142341193229022,1
4.9921290818391917,8.9164926722597126,4.9899649697019051,8.9160759027429783,1
4.6826440455312559,8.8341228427803333,4.6876447867837348,8.8363082803192476,1
4.7140489473426745,8.8457002632658028,4.7156879243270531,8.8462517745608231,1
4.7134374311413145,8.8455182893449766,4.7140489473426745,8.8457002632658028,1
4.7156879243270531,8.8462517745608231,4.7167610466099577,8.8466170822499759,1
4.7491958570915465,8.8575605093283496,4.7490647245523618,8.8575176843574717,1
4.7918328115546531,8.8712502112757683,4.7924432544607685,8.871438041798271,1
4.7918328115546531,8.8712502112757683,4.7909087655076918,8.8709676929521741,1
4.8309503607846169,8.8826613652721509,4.8304381856718344,8.8825212800084756,1
4.8652487591166063,8.8915255706099146,4.8669730660290931,8.8919394097519522,1
4.8716273588118666,8.8930316522223034,4.8733958579266066,8.8934411817059438,1
4.9255137320460101,8.904019693746422,4.923010839160507,8.9035555603814736,1
4.9420457637609374,8.9070374258578422,4.9447693876193002,8.9075438517420533,1
4.9526726960517946,8.9090092831588255,4.9555231441715319,8.909541020660134,1
4.9574255216844314,8.9098972858163279,4.9587865414497339,8.9101538317982509,1
4.9587865414497339,8.9101538317982509,4.9619187759620935,8.9107500019937831,1
4.9619187759620935,8.9107500019937831,4.9633249527742533,8.9110127633647629,1
4.9647549571606922,8.9112801610068928,4.9633249527742533,8.9110127633647629,1
4.9729648793671108,8.912838699530937,4.9736970285132855,8.9129768482843783,1
4.9736970285132855,8.9129768482843783,4.9751107860082726,8.9132460120622703,1
4.9751107860082726,8.9132460120622703,4.9761377214844718,8.9134417813255133,1
5.0018199993430752,8.9183436428651532,4.9988622839283297,8.9177727580966124,1
5.0031208854953126,8.9185865612022912,5.0018199993430752,8.9183436428651532,1
4.6876447867837348,8.8363082803192476,4.6902185418959359,8.8374384690001069,1
4.7105293610755998,8.844547377959751,4.7134374311413145,8.8455182893449766,1
4.7179865863537742,8.8470339754693743,4.7186671950955379,8.8472660164719592,1
4.7186671950955379,8.8472660164719592,4.721037519327834,8.848068970536767,1
4.7272695425141977,8.8501804771281414,4.7245921527782757,8.8492798514352486,1
4.7283308765058809,8.8505408002572885,4.7272695425141977,8.8501804771281414,1
4.730643919594498,8.8513236018528882,4.7295431584434917,8.8509518392002136,1
4.7316051550384843,8.8516493059929342,4.7334842696814583,8.8522842170836249,1
4.7311933365593815,8.8515099156413104,4.7316051550384843,8.8516493059929342,1
4.7350676561343796,8.8528192002645412,4.7366955482572708,8.853367250018902,1
4.7366955482572708,8.853367250018902,4.7386834621212772,8.8540376556266818,1
4.7386834621212772,8.8540376556266818,4.7401020010050461,8.854517563258101,1
4.7509154800086462,8.8581319065607662,4.7491958570915465,8.8575605093283496,1
4.7536526667512815,8.8590417073507091,4.7509154800086462,8.8581319065607662,1
4.7541048017134102,8.8591918461758059,4.7555788708449978,8.859682802486688,1
4.7555788708449978,8.859682802486688,4.7566820771661451,8.860046687675462,1
4.7566820771661451,8.860046687675462,4.7573567918887099,8.8602686182051755,1
4.7573567918887099,8.8602686182051755,4.7597597285757693,8.8610580482975294,1
4.7597597285757693,8.8610580482975294,4.7604301987752455,8.861276867082136,1
4.7862810446118154,8.8695340874481516,4.7873457114265765,8.8698648436067593,1
4.7873457114265765,8.8698648436067593,4.7887701369095614,8.8703065619237815,1
4.8070675173741737,8.8758362302360485,4.8085400016143023,8.8762738712011693,1
4.8107463066286273,8.8769178483042097,4.8085400016143023,8.8762738712011693,1
4.8304381856718344,8.8825212800084756,4.8288964919162494,8.8820922983586961,1
4.8386218159289838,8.8847476065863784,4.8374520487578012,8.8844324548115789,1
4.8588520020507158,8.8899696112371025,4.8581822209481649,8.8898040100128046,1
4.86083394474967,8.8904571252059892,4.8627619833760223,8.8909275789586442,1
4.8669730660290931,8.8919394097519522,4.8684311975015566,8.8922865301477714,1
4.8772566703021383,8.8943179153052778,4.876826560509766,8.8942210877474572,1
4.8814644125989402,8.895255676983,4.8804916493205948,8.8950434725124872,1
4.923010839160507,8.9035555603814736,4.922026029274341,8.9033686113419321,1
4.9310876773012655,8.9050342535876581,4.9321226427468394,8.9052235475314845,1
4.9255137320460101,8.904019693746422,4.9304074643140501,8.9049136259325081,1
4.9304074643140501,8.9049136259325081,4.9310876773012655,8.9050342535876581,1
4.9340717353225703,8.9055794359551363,4.9330300932849651,8.9053884202505458,1
4.9411598768980065,8.9068748017086303,4.9420457637609374,8.9070374258578422,1
4.9478065922116627,8.908100616380775,4.9477218386928881,8.9080849868841288,1
4.9509188709598586,8.9086802627672981,4.9500367168550348,8.9085150643133719,1
4.9500367168550348,8.9085150643133719,4.9492920176831356,8.908376774031268,1
4.9555231441715319,8.909541020660134,4.9566936183082762,8.9097611455664616,1
4.9566936183082762,8.9097611455664616,4.9574255216844314,8.9098972858163279,1
4.9647549571606922,8.9112801610068928,4.9650367903763186,8.9113333152697489,1
4.9650367903763186,8.9113333152697489,4.9651307890920648,8.9113511377019865,1
4.9662709877902413,8.911567380726332,4.9653189445299182,8.911386601479137,1
4.9687433575400242,8.9120365972974298,4.9677911706245581,8.911854972881299,1
4.9670309079826049,8.9117111875159107,4.9677911706245581,8.911854972881299,1
4.972545841086089,8.9127604187525531,4.9729648793671108,8.912838699530937,1
4.9710133771746614,8.9124692197010287,4.972545841086089,8.9127604187525531,1
4.9871523444076615,8.9155410985772647,4.9856987982971539,8.9152621041083542,1
4.9975017613716481,8.9175136738709959,4.9980454915383703,8.9176175095203583,1
5.0032147885497311,8.9186045033094832,5.0031208854953126,8.9185865612022912,1
4.6902185418959359,8.8374384690001069,4.6915242576776004,8.8380131367414911,1
4.6962764956422305,8.8395454988208613,4.7021449834547306,8.8415469789448071,1
4.7086560680826981,8.8439144058810513,4.7105293610755998,8.844547377959751,1
4.7167610466099577,8.8466170822499759,4.7174762510009201,8.8468603003550612,1
4.7174762510009201,8.8468603003550612,4.7179865863537742,8.8470339754693743,1
4.7225319315532062,8.8485803349948888,4.7245921527782757,8.8492798514352486,1
4.7213313509937365,8.8481687023957534,4.7225319315532062,8.8485803349948888,1
4.7283308765058809,8.8505408002572885,4.7290383471731712,8.8507806080475788,1
4.7290383471731712,8.8507806080475788,4.7295431584434917,8.8509518392002136,1
4.7334842696814583,8.8522842170836249,4.7339163583947856,8.8524309565698314,1
4.7339163583947856,8.8524309565698314,4.7350676561343796,8.8528192002645412,1
4.7460987423146399,8.8565347103541452,4.7489134730983329,8.8574672280932063,1
4.7430711224230313,8.8555178544134119,4.7460987423146399,8.8565347103541452,1
4.7659165089873561,8.863065980234369,4.7670574937294647,8.863435914499826,1
4.7670574937294647,8.863435914499826,4.7672463840369002,8.8634971278911063,1
4.7672463840369002,8.8634971278911063,4.7676907808913072,8.8636407923586322,1
4.7676907808913072,8.8636407923586322,4.7695269297364185,8.8642333589738094,1
4.7716234260932273,8.8649073635915148,4.7720760450202349,8.8650523866196362,1
4.7720760450202349,8.8650523866196362,4.7731505322119601,8.8653958546769136,1
4.7731505322119601,8.8653958546769136,4.7737948394443936,8.8656013817546455,1
4.7737948394443936,8.8656013817546455,4.7754868537822688,8.8661353600637156,1
4.7754868537822688,8.8661353600637156,4.783227170896124,8.8685743514380828,1
4.7854627693447949,8.8692795467692829,4.7855651111226241,8.8693115632247128,1
4.7855651111226241,8.8693115632247128,4.7857084362454421,8.8693563481514381,1
4.7901450601243116,8.8707345237061226,4.7909087655076918,8.8709676929521741,1
4.793700554777879,8.8718199235315769,4.7950158452665574,8.8722225858401895,1
4.7935588830106717,8.8717767714650968,4.793700554777879,8.8718199235315769,1
4.7924432544607685,8.871438041798271,4.7935588830106717,8.8717767714650968,1
4.7950158452665574,8.8722225858401895,4.7962986565158019,8.8726114619689085,1
4.7973580228981749,8.872934005512219,4.7962986565158019,8.8726114619689085,1
4.8111244939722013,8.877028696814202,4.8112506012587337,8.8770653130906609,1
4.8112506012587337,8.8770653130906609,4.8157674984009011,8.8783822448996474,1
4.8244614934260275,8.8808633609345993,4.8253482912649748,8.8811028455131265,1
4.8253482912649748,8.8811028455131265,4.8259393625007627,8.8812691581516052,1
4.8285580216053781,8.8819987143681267,4.8288964919162494,8.8820922983586961,1
4.8395031257154493,8.8849817887551019,4.8386218159289838,8.8847476065863784,1
4.8407747157782088,8.8853227669831352,4.8395031257154493,8.8849817887551019,1
4.8424736065222751,8.8857733058577164,4.8427185455549049,8.8858388448265089,1
4.8432698080411969,8.8859836438403921,4.8427185455549049,8.8858388448265089,1
4.8526264735075602,8.8884039127332244,4.8534299344722482,8.8886106168602943,1
4.8534299344722482,8.8886106168602943,4.8540775381607899,8.8887757142098032,1
4.8540775381607899,8.8887757142098032,4.8549459473762342,8.8889949450274752,1
4.8549459473762342,8.8889949450274752,4.856423693369238,8.8893659626401451,1
4.856423693369238,8.8893659626401451,4.8568984947790508,8.8894843309412739,1
4.8568984947790508,8.8894843309412739,4.8581822209481649,8.8898040100128046,1
4.8634622513559087,8.8910975260054848,4.8636953704697037,8.8911538711185703,1
4.8643086975446357,8.8913006562033612,4.8652487591166063,8.8915255706099146,1
4.8684311975015566,8.8922865301477714,4.869453352503113,8.8925248017273031,1
4.8772566703021383,8.8943179153052778,4.8789362258901283,8.8946967967817656,1
4.8814644125989402,8.895255676983,4.8842743004933036,8.8958685095990475,1
4.8873297306457086,8.8965166197461745,4.8842743004933036,8.8958685095990475,1
4.9063310393728807,8.9004014351711369,4.9068011242419303,8.9004938492621921,1
4.9075344836015784,8.9006373257367759,4.907734244789939,8.9006758968424027,1
4.9068011242419303,8.9004938492621921,4.9075344836015784,8.9006373257367759,1
4.907734244789939,8.9006758968424027,4.909068551591603,8.9009352951628902,1
4.9148120530431259,8.9020261267358727,4.9160346412185323,8.9022588333148374,1
4.9160346412185323,8.9022588333148374,4.9171569880251411,8.9024668509449434,1
4.922026029274341,8.9033686113419321,4.9197865590095269,8.9029546342891219,1
4.9182189666446412,8.9026641909662665,4.9171569880251411,8.9024668509449434,1
4.9321226427468394,8.9052235475314845,4.9326810901010338,8.9053246688943464,1
4.9326810901010338,8.9053246688943464,4.9330300932849651,8.9053884202505458,1
4.9340717353225703,8.9055794359551363,4.9346925119228269,8.9056922404584018,1
4.9346925119228269,8.9056922404584018,4.9354685804695189,8.905833517446947,1
4.9405965796847227,8.906771517032773,4.9411598768980065,8.9068748017086303,1
4.9447693876193002,8.9075438517420533,4.9469957961192916,8.9079539781939889,1
4.9469957961192916,8.9079539781939889,4.9477218386928881,8.9080849868841288,1
4.9478065922116627,8.908100616380775,4.9489199323490709,8.9083075469015665,1
4.9489199323490709,8.9083075469015665,4.9492920176831356,8.908376774031268,1
4.9662709877902413,8.911567380726332,4.9665748098153388,8.9116246931763268,1
4.9665748098153388,8.9116246931763268,4.9670309079826049,8.9117111875159107,1
4.9766787151824534,8.9135452280583589,4.9772209188962373,8.9136481146027791,1
4.9761377214844718,8.9134417813255133,4.9766787151824534,8.9135452280583589,1
4.9772209188962373,8.9136481146027791,4.9776754470420705,8.913734161174272,1
4.9776754470420705,8.913734161174272,4.9786989191783277,8.9139287042282138,1
4.9802771505947137,8.9142341193229022,4.9811079001099046,8.9143945827550102,1
4.9843415744576838,8.9150068868871148,4.9850702358123158,8.9151426395944018,1
4.9811079001099046,8.9143945827550102,4.983409486631925,8.9148292407467462,1
4.983409486631925,8.9148292407467462,4.9843415744576838,8.9150068868871148,1
4.9850702358123158,8.9151426395944018,4.98527954606676,8.9151825140648597,1
4.98527954606676,8.9151825140648597,4.9853843336761265,8.9152023310477482,1
4.9854891402315733,8.9152222881999386,4.9856987982971539,8.9152621041083542,1
4.9853843336761265,8.9152023310477482,4.9854891402315733,8.9152222881999386,1
4.9871523444076615,8.9155410985772647,4.9887150939382296,8.9158389607054076,1
4.9887150939382296,8.9158389607054076,4.9899649697019051,8.9160759027429783,1
4.9947825716678249,8.9169957506186179,4.9935746395442999,8.9167653339827506,1
4.9975017613716481,8.9175136738709959,4.9959935152750026,8.9172255916472967,1
4.9935746395442999,8.9167653339827506,4.9921290818391917,8.9164926722597126,1
4.9984084913615758,8.9176864391471025,4.9988622839283297,8.9177727580966124,1
4.9982788367070281,8.9176616909421433,4.9984084913615758,8.9176864391471025,1
5.0063768867133831,8.9192096386498996,5.0067406327890058,8.9192790563714759,1
5.0067406327890058,8.9192790563714759,5.00733209958985,8.919391929733349,1
5.00733209958985,8.919391929733349,5.0094678250021927,8.9198017242213048,1
5.0094678250021927,8.9198017242213048,5.0098872206182978,8.9198821367130794,1
5.012767889851089,8.9204327418588729,5.014010634123065,8.9206720051831674,1
5.0115667001595439,8.9202028038629457,5.012767889851089,8.9204327418588729,1
4.6915242576776004,8.8380131367414911,4.6921818883000173,8.8383028902598735,1
4.6951717519913529,8.839240147102462,4.6962764956422305,8.8395454988208613,1
4.7021449834547306,8.8415469789448071,4.7040080051237565,8.8422547884449028,1
4.741081146974782,8.8548476416846622,4.742207725674124,8.8552304772834436,1
4.742207725674124,8.8552304772834436,4.7430711224230313,8.8555178544134119,1
4.7401020010050461,8.854517563258101,4.741081146974782,8.8548476416846622,1
4.7536526667512815,8.8590417073507091,4.7538170383862202,8.8590964457944708,1
4.7538170383862202,8.8590964457944708,4.7538613300834855,8.8591111423290592,1
4.7538613300834855,8.8591111423290592,4.7539382135722592,8.859136613847749,1
4.754002730706107,8.8591581036432743,4.7541048017134102,8.8591918461758059,1
4.7539382135722592,8.859136613847749,4.754002730706107,8.8591581036432743,1
4.7656715840411712,8.8629864212003575,4.7659165089873561,8.863065980234369,1
4.7654714379444245,8.8629210160671672,4.7656715840411712,8.8629864212003575,1
4.7654714379444245,8.8629210160671672,4.764377192999028,8.862566220607123,1
4.7612392279542171,8.8615399454020007,4.7604301987752455,8.861276867082136,1
4.7629506065547567,8.8621008677640845,4.7612392279542171,8.8615399454020007,1
4.783227170896124,8.8685743514380828,4.7848741861106259,8.8690936872108868,1
4.7848741861106259,8.8690936872108868,4.7854627693447949,8.8692795467692829,1
4.7993765502457633,8.8735429543993849,4.7979729386700276,8.873117474757235,1
4.7979729386700276,8.873117474757235,4.7973580228981749,8.872934005512219,1
4.8067302412382515,8.8757366867586853,4.8054489618463938,8.8753581870811331,1
4.8109622625788928,8.8769812977513585,4.810998292065543,8.876991819174977,1
4.8157674984009011,8.8783822448996474,4.8181387145783399,8.8790704160742226,1
4.8231768337495176,8.8805074247857281,4.8244614934260275,8.8808633609345993,1
4.8259393625007627,8.8812691581516052,4.8263618622005193,8.8813878242953592,1
4.8263618622005193,8.8813878242953592,4.8266788640573575,8.8814757290902584,1
4.8266788640573575,8.8814757290902584,4.8282198337412208,8.8819044985592583,1
4.8282198337412208,8.8819044985592583,4.8284452259690243,8.8819673305838496,1
4.8284452259690243,8.8819673305838496,4.8285096671163528,8.8819852690904249,1
4.8285096671163528,8.8819852690904249,4.8285580216053781,8.8819987143681267,1
4.8319787282759279,8.8829424285129424,4.8309503607846169,8.8826613652721509,1
4.834200276937989,8.8835563074404646,4.8334421079960661,8.8833443989801353,1
4.8328316107203753,8.88317725984178,4.8319787282759279,8.8829424285129424,1
4.8357754489045348,8.8839828111624186,4.8374520487578012,8.8844324548115789,1
4.8407747157782088,8.8853227669831352,4.841284628322577,8.8854584785223363,1
4.841284628322577,8.8854584785223363,4.8415590024843613,8.8855317534594214,1
4.8415590024843613,8.8855317534594214,4.8424736065222751,8.8857733058577164,1
4.8436842129539688,8.8860930668164855,4.8451810866980605,8.8864872969058375,1
4.8455003861128816,8.8865706173397125,4.8459891136032436,8.8866987641794335,1
4.8451810866980605,8.8864872969058375,4.8455003861128816,8.8865706173397125,1
4.8459891136032436,8.8866987641794335,4.8461987541285492,8.8867533233552223,1
4.8461987541285492,8.8867533233552223,4.8467322742143244,8.8868919307503251,1
4.8467322742143244,8.8868919307503251,4.8470790271188999,8.8869818832909964,1
4.8492342339164267,8.8875355301470655,4.8526264735075602,8.8884039127332244,1
4.8470790271188999,8.8869818832909964,4.8492342339164267,8.8875355301470655,1
4.8588520020507158,8.8899696112371025,4.8596033414433508,8.8901548147776275,1
4.8601340419381733,8.8902864764714735,4.86083394474967,8.8904571252059892,1
4.8596033414433508,8.8901548147776275,4.8601340419381733,8.8902864764714735,1
4.8627619833760223,8.8909275789586442,4.8630597035739669,8.8910003604952976,1
4.869453352503113,8.8925248017273031,4.8699803413883593,8.8926498132533869,1
4.8699803413883593,8.8926498132533869,4.8716273588118666,8.8930316522223034,1
4.8795909163661033,8.8948438025929875,4.8804916493205948,8.8950434725124872,1
4.8789362258901283,8.8946967967817656,4.8795909163661033,8.8948438025929875,1
4.8873297306457086,8.8965166197461745,4.8932722171771967,8.8977768605142771,1
4.8945529881448078,8.8980416789238337,4.896267038340798,8.8983938623957464,1
4.8940310240487239,8.8979344066137056,4.8945529881448078,8.8980416789238337,1
4.896267038340798,8.8983938623957464,4.897039799006091,8.8985520172160442,1
4.8973430155063262,8.8986132209195166,4.8987125736860238,8.8988906522015689,1
4.897039799006091,8.8985520172160442,4.8973430155063262,8.8986132209195166,1
4.8987125736860238,8.8988906522015689,4.8991604641349253,8.8989811767525282,1
4.8991604641349253,8.8989811767525282,4.8992799802534943,8.8990051012616167,1
4.8999669445728653,8.8991427826046863,4.900709317356192,8.8992920219725011,1
4.8992799802534943,8.8990051012616167,4.8999669445728653,8.8991427826046863,1
4.900709317356192,8.8992920219725011,4.9011700438257808,8.8993838955155713,1
4.9011700438257808,8.8993838955155713,4.9013477736823123,8.8994194492779748,1
4.9013477736823123,8.8994194492779748,4.9014860832276339,8.8994470751956314,1
4.9014860832276339,8.8994470751956314,4.9016874011001272,8.8994871829608631,1
4.9016874011001272,8.8994871829608631,4.9021711323157282,8.8995826461607948,1
4.9021711323157282,8.8995826461607948,4.9049352901459224,8.9001292572026696,1
4.912138902713223,8.9015198773193465,4.9123106650529182,8.9015524600444351,1
4.9123106650529182,8.9015524600444351,4.9131058967124011,8.901703855044893,1
4.9131058967124011,8.901703855044893,4.9134120356838791,8.9017620239361861,1
4.9395756978982224,8.9065847022954241,4.9405965796847227,8.906771517032773,1
4.9379985304807787,8.9062953890994514,4.9388420304462048,8.9064508687159609,1
4.9388420304462048,8.9064508687159609,4.9395756978982224,8.9065847022954241,1
4.9354685804695189,8.905833517446947,4.9379985304807787,8.9062953890994514,1
4.9651307890920648,8.9113511377019865,4.9652248747365002,8.9113688809327343,1
4.9652248747365002,8.9113688809327343,4.9653189445299182,8.911386601479137,1
4.9947825716678249,8.9169957506186179,4.9955094094497312,8.9171332428216452,1
4.9955094094497312,8.9171332428216452,4.9959935152750026,8.9172255916472967,1
5.0032147885497311,8.9186045033094832,5.005740775327995,8.9190883390880167,1
5.005740775327995,8.9190883390880167,5.0063768867133831,8.9192096386498996,1
5.014010634123065,8.9206720051831674,5.0162135650568889,8.9210937160081993,1
4.6921818883000173,8.8383028902598735,4.6925119047996064,8.8384483752546856,1
4.6925119047996064,8.8384483752546856,4.6928427251637395,8.8385942670136828,1
4.6933555951287831,8.8387360200087226,4.6946161862522722,8.8390865386834143,1
4.6946161862522722,8.8390865386834143,4.6951717519913529,8.839240147102462,1
4.6928427251637395,8.8385942670136828,4.6933555951287831,8.8387360200087226,1
4.7040080051237565,8.8422547884449028,4.7049447914977067,8.8426108737479368,1
4.7049447914977067,8.8426108737479368,4.7058851112437798,8.8429684109325635,1
4.7058851112437798,8.8429684109325635,4.7066944054237281,8.8432324943913159,1
4.7066944054237281,8.8432324943913159,4.7080789992439875,8.8437051677398717,1
4.7080789992439875,8.8437051677398717,4.7086560680826981,8.8439144058810513,1
4.730643919594498,8.8513236018528882,4.7309253792448533,8.8514189778470822,1
4.7309253792448533,8.8514189778470822,4.7311933365593815,8.8515099156413104,1
4.7638362028742973,8.8623895253029286,4.764377192999028,8.862566220607123,1
4.7629506065547567,8.8621008677640845,4.7638362028742973,8.8623895253029286,1
4.7695269297364185,8.8642333589738094,4.7699375280675484,8.8643652607816037,1
4.7699375280675484,8.8643652607816037,4.7704074892360584,8.8645161242212218,1
4.7711391432650121,8.8647524669905042,4.7716234260932273,8.8649073635915148,1
4.7704074892360584,8.8645161242212218,4.7711391432650121,8.8647524669905042,1
4.7857084362454421,8.8693563481514381,4.7857305065116469,8.8693631628131442,1
4.7857698878825543,8.8693754328561702,4.7862810446118154,8.8695340874481516,1
4.7857305065116469,8.8693631628131442,4.7857698878825543,8.8693754328561702,1
4.789571692493741,8.8705576177439198,4.7901450601243116,8.8707345237061226,1
4.7887701369095614,8.8703065619237815,4.789571692493741,8.8705576177439198,1
4.7993765502457633,8.8735429543993849,4.8000290799834602,8.8737387491096733,1
4.8000290799834602,8.8737387491096733,4.800568946212838,8.8739007637882139,1
4.800568946212838,8.8739007637882139,4.8007666183319548,8.8739601858427015,1
4.8007666183319548,8.8739601858427015,4.8010657668662242,8.8740498144500766,1
4.8014047248991361,8.8741512808835648,4.8023112215832855,8.8744214390827647,1
4.8010657668662242,8.8740498144500766,4.8014047248991361,8.8741512808835648,1
4.8023112215832855,8.8744214390827647,4.8046388966051676,8.8751167824018378,1
4.8046388966051676,8.8751167824018378,4.8048257392116938,8.8751724790003443,1
4.8048257392116938,8.8751724790003443,4.8054489618463938,8.8753581870811331,1
4.8067302412382515,8.8757366867586853,4.8068426679800966,8.8757699386067586,1
4.8068426679800966,8.8757699386067586,4.8070675173741737,8.8758362302360485,1
4.8107463066286273,8.8769178483042097,4.8108625325247933,8.8769520138718701,1
4.8109352315092737,8.8769733958271537,4.8109622625788928,8.8769812977513585,1
4.8108625325247933,8.8769520138718701,4.8109352315092737,8.8769733958271537,1
4.8110298348778855,8.8770010984542456,4.8111244939722013,8.877028696814202,1
4.810998292065543,8.876991819174977,4.8110298348778855,8.8770010984542456,1
4.8194079715998255,8.8793730702122904,4.8209153442649262,8.8798672566949328,1
4.8181387145783399,8.8790704160742226,4.8194079715998255,8.8793730702122904,1
4.8209153442649262,8.8798672566949328,4.8223055780393116,8.8802626460828371,1
4.8223055780393116,8.8802626460828371,4.8231768337495176,8.8805074247857281,1
4.8328316107203753,8.88317725984178,4.8331164333253342,8.8832551754197659,1
4.8332587948715666,8.8832940327329837,4.8334421079960661,8.8833443989801353,1
4.8331164333253342,8.8832551754197659,4.8332587948715666,8.8832940327329837,1
4.834200276937989,8.8835563074404646,4.8350983969390064,8.8837396208679973,1
4.8350983969390064,8.8837396208679973,4.8357754489045348,8.8839828111624186,1
4.8432698080411969,8.8859836438403921,4.8435656318883904,8.8860618345276237,1
4.8436150280510724,8.886074933274891,4.8436842129539688,8.8860930668164855,1
4.8435656318883904,8.8860618345276237,4.8436150280510724,8.886074933274891,1
4.8630597035739669,8.8910003604952976,4.863199454068992,8.8910342887418405,1
4.863199454068992,8.8910342887418405,4.8634622513559087,8.8910975260054848,1
4.8636953704697037,8.8911538711185703,4.8640169055897102,8.8912309235805296,1
4.8640169055897102,8.8912309235805296,4.8643086975446357,8.8913006562033612,1
4.8747631671276368,8.8937529659534498,4.8747033838738822,8.893739411894007,1
4.8746449731411321,8.8937252867792544,4.8746242200275596,8.8937213621706981,1
4.8747033838738822,8.893739411894007,4.8746651609727198,8.8937290954464423,1
4.8744874705520287,8.8936898886168283,4.8733958579266066,8.8934411817059438,1
4.8746242200275596,8.8937213621706981,4.8744874705520287,8.8936898886168283,1
4.8746651609727198,8.8937290954464423,4.8746449731411321,8.8937252867792544,1
4.876826560509766,8.8942210877474572,4.8754707455779993,8.893913269094595,1
4.8754707455779993,8.893913269094595,4.8747631671276368,8.8937529659534498,1
4.8932722171771967,8.8977768605142771,4.8937445112586051,8.8978662227645948,1
4.8937445112586051,8.8978662227645948,4.8940310240487239,8.8979344066137056,1
4.9049352901459224,8.9001292572026696,4.9053073711556197,8.9002019162071644,1
4.9053073711556197,8.9002019162071644,4.9063310393728807,8.9004014351711369,1
4.912138902713223,8.9015198773193465,4.9117081526096058,8.9014375017446454,1
4.9112365037859123,8.901347799337902,4.9111187870087001,8.9013251946518892,1
4.9113150599592181,8.9013628479571505,4.9112365037859123,8.901347799337902,1
4.9113712306899338,8.9013734424089765,4.9113150599592181,8.9013628479571505,1
4.9111187870087001,8.9013251946518892,4.909068551591603,8.9009352951628902,1
4.9117081526096058,8.9014375017446454,4.9113712306899338,8.9013734424089765,1
4.9134120356838791,8.9017620239361861,4.913751560411983,8.9018269718415741,1
4.9143330407224033,8.9019366050047442,4.9148120530431259,8.9020261267358727,1
4.913751560411983,8.9018269718415741,4.9143330407224033,8.9019366050047442,1
4.9186601278363762,8.9027464995719985,4.9189076148820083,8.9027924866733379,1
4.9182189666446412,8.9026641909662665,4.9186601278363762,8.9027464995719985,1
4.9189786937031146,8.9028056550315604,4.9197865590095269,8.9029546342891219,1
4.9189076148820083,8.9027924866733379,4.9189786937031146,8.9028056550315604,1
4.998181627383099,8.9176433091553395,4.9982788367070281,8.9176616909421433,1
4.9980454915383703,8.9176175095203583,4.998181627383099,8.9176433091553395,1
5.0098872206182978,8.9198821367130794,5.0103669210384814,8.9199733736262488,1
5.0103669210384814,8.9199733736262488,5.0115667001595439,8.9202028038629457,1
5.0162135650568889,8.9210937160081993,5.0176934831597402,8.9213765788393093,1
5.0176934831597402,8.9213765788393093,5.0200332254529734,8.9218238910524867,1
3.1233210766786548,8.8874852175602381,3.1187795779691787,8.8878923912242325,46
3.1187795779691787,8.8878923912242325,3.1141978547256537,8.8883031712684009,46
3.124330716536921,8.8872674377410554,3.1238280893610075,8.8873758546726869,46
3.1238280893610075,8.8873758546726869,3.1233210766786548,8.8874852175602381,46
3.1251480837940768,8.8870136973314882,3.124741177043318,8.8871400159290204,46
3.124741177043318,8.8871400159290204,3.124330716536921,8.8872674377410554,46
3.1263691580244011,8.8864342446541968,3.1257612974863274,8.886722700840938,46
3.1257612974863274,8.886722700840938,3.1251480837940768,8.8870136973314882,46
3.1277410352657542,8.8854885387411269,3.1270581318751605,8.8859592993566334,46
3.1270581318751605,8.8859592993566334,3.1263691580244011,8.8864342446541968,46
3.131540799960713,8.8819032901291379,3.1296498796759007,8.8836874583265786,46
3.1296498796759007,8.8836874583265786,3.1277410352657542,8.8854885387411269,46
3.1344605155352543,8.8782417470186168,3.1330075618772755,8.8800638602760404,46
3.1330075618772755,8.8800638602760404,3.131540799960713,8.8819032901291379,46
3.1380246226674613,8.8724292048005005,3.1362514277553779,8.8753210287286581,46
3.1362514277553779,8.8753210287286581,3.1344605155352543,8.8782417470186168,46
3.1407862674874232,8.8687719315718532,3.139411988406303,8.8705919027918085,46
3.139411988406303,8.8705919027918085,3.1380246226674613,8.8724292048005005,46
3.1508866946547753,8.8588426142689247,3.1458639442623442,8.8637802749790637,46
3.1458639442623442,8.8637802749790637,3.1407862674874232,8.8687719315718532,46
3.1631398052649216,8.8477913476835894,3.157047404008452,8.8532861769210172,46
3.157047404008452,8.8532861769210172,3.1508866946547753,8.8588426142689247,46
